NM_000222;c.1621A>C;SNP non pathogene
NM_000222;c.1638A>G;SNP non pathogene
NM_000222;c.2394C>T;SNP non pathogene
NM_000222;c.2586G>C;SNP non pathogene
NM_000222;c.2847C>T;SNP non pathogene
NM_000314;c.720C>T;SNP non pathogene
NM_000314;c.756T>C;SNP non pathogene
NM_001015877;c.386G>A;SNP non pathogene
NM_001025203;c.369G>A;SNP non pathogene
NM_001025203;c.426C>T;SNP non pathogene
NM_001025203;c.692C>T;Artefact
NM_006758;c.369G>A;SNP non pathogene
NM_006758;c.426C>T;SNP non pathogene
NM_006758;c.692C>T;Artefact
NM_001042749;c.2082C>T;SNP non pathogene
NM_001123385;c.409G>A;SNP non pathogene
NM_001123385;c.626C>T;SNP non pathogene
NM_001123385;c.1260T>C;SNP non pathogene
NM_001123385;c.1650C>T;SNP non pathogene
NM_001123385;c.1692A>G;SNP non pathogene
NM_001123385;c.1791C>T;SNP non pathogene
NM_001123385;c.3669G>A;SNP non pathogene
NM_001123385;c.4488A>C;SNP non pathogene
NM_001123385;c.1779C>A;SNP non pathogene
NM_001123385;c.1669G>A;SNP non pathogene
NM_001123385;c.759C>T;SNP non pathogene
NM_001123385;c.174G>A;SNP non pathogene
NM_001126112;c.215C>G;SNP non pathogene
NM_001127208;c.100C>T;SNP non pathogene
NM_001127208;c.1064G>A;SNP non pathogene
NM_001127208;c.1291T>C;SNP non pathogene
NM_001127208;c.1088C>T;SNP non pathogene
NM_001127208;c.1285G>A;SNP non pathogene
NM_001127208;c.2238A>G;SNP non pathogene
NM_001127208;c.2599T>C;SNP non pathogene
NM_001127208;c.2604T>G;SNP non pathogene
NM_001127208;c.2771A>G;SNP non pathogene
NM_001127208;c.2941A>G;SNP non pathogene
NM_001127208;c.3090G>A;SNP non pathogene
NM_001127208;c.3117G>A;SNP non pathogene
NM_001127208;c.3251A>C;SNP non pathogene
NM_001127208;c.368G>A;SNP non pathogene
NM_001127208;c.3735C>T;SNP non pathogene
NM_001127208;c.3813C>T;SNP non pathogene
NM_001127208;c.3818G>A;SNP non pathogene
NM_001127208;c.4075C>A;SNP non pathogene
NM_001127208;c.413A>T;SNP non pathogene
NM_001127208;c.4140T>C;SNP non pathogene
NM_001127208;c.4513G>A;SNP non pathogene
NM_001127208;c.4547G>A;SNP non pathogene
NM_001127208;c.4909C>G;SNP non pathogene
NM_001127208;c.5103G>A;SNP non pathogene
NM_001127208;c.5152G>T;SNP non pathogene
NM_001127208;c.5162T>G;SNP non pathogene
NM_001127208;c.5167C>T;SNP non pathogene
NM_001127208;c.521C>A;SNP non pathogene
NM_001127208;c.5284A>G;SNP non pathogene
NM_001127208;c.5333A>G;SNP non pathogene
NM_001127208;c.5449C>A;SNP non pathogene
NM_001127208;c.5602C>T;SNP non pathogene
NM_001127208;c.5618T>C;Artefact
NM_001127208;c.652G>A;SNP non pathogene
NM_001127208;c.86C>G;SNP non pathogene
NM_001198551;c.471A>G;SNP non pathogene
NM_001198551;c.1074A>G;SNP non pathogene
NM_001198551;c.1122A>G;SNP non pathogene
NM_024426;c.471A>G;SNP non pathogene
NM_024426;c.1074A>G;SNP non pathogene
NM_024426;c.1122A>G;SNP non pathogene
NM_001303497;c.1565C>T;SNP non pathogene
NM_001303497;c.2604T>C;SNP non pathogene
NM_001303497;c.303G>A;SNP non pathogene
NM_001303497;c.3102T>C;SNP non pathogene
NM_001303497;c.3285A>G;SNP non pathogene
NM_001303497;c.4547A>C;SNP non pathogene
NM_001303497;c.796G>A;SNP non pathogene
NM_001303497;c.1908C>T;SNP non pathogene
NM_001303497;c.3410G>C;SNP non pathogene
NM_001354870;c.749A>C;Artefact
NM_001354870;c.784A>C;Artefact
NM_001354870;c.737A>C;Artefact
NM_001354870;c.742A>C;Artefact
NM_001354870;c.781A>C;Artefact
NM_001354870;c.787A>C;Artefact
NM_001354870;c.790A>C;Artefact
NM_001754;c.1260C>G;SNP non pathogene
NM_001754;c.1265A>C;check mut
NM_001754;c.1269C>T;SNP non pathogene
NM_001754;c.1270T>G;check mut
NM_001754;c.1389C>G;SNP non pathogene
NM_001754;c.144C>T;SNP non pathogene
NM_001754;c.167T>C;SNP non pathogene
NM_001754;c.426C>T;SNP non pathogene
NM_001754;c.438C>T;SNP non pathogene
NM_001754;c.648C>T;SNP non pathogene
NM_001754;c.654C>T;SNP non pathogene
NM_001754;c.927C>T;SNP non pathogene
NM_001754;c.984A>G;SNP non pathogene
NM_001754;c.99C>T;SNP non pathogene
NM_001987;c.1075C>A;SNP non pathogene
NM_001987;c.195C>T;SNP non pathogene
NM_001987;c.258G>A;SNP non pathogene
NM_001987;c.380G>A;SNP non pathogene
NM_001987;c.573G>T;SNP non pathogene
NM_001987;c.57T>C;SNP non pathogene
NM_001987;c.602T>G;SNP non pathogene
NM_001987;c.77G>C;SNP non pathogene
NM_001987;c.639C>T;SNP non pathogene
NM_002049;c.196G>A;SNP non pathogene
NM_002168;c.429G>C;SNP non pathogene
NM_002168;c.1304C>T;SNP non pathogene
NM_002168;c.782G>A;SNP non pathogene
NM_002168;c.327G>A;SNP non pathogene
NM_002168;c.993G>A;SNP non pathogene
NM_002168;c.996C>T;SNP non pathogene
NM_002168;c.49T>G;Artefact
NM_002834;c.255C>T;SNP non pathogene
NM_003016;c.75C>T;SNP non pathogene
NM_003016;c.144C>T;SNP non pathogene
NM_003016;c.170T>A;SNP non pathogene
NM_003016;c.402=;SNP non pathogene
NM_003016;c.438C>T;SNP non pathogene
NM_003620;c.1486A>G;SNP non pathogene
NM_003620;c.1435G>A;SNP non pathogene
NM_003820;c.50A>G;SNP non pathogene
NM_003820;c.721G>A;SNP non pathogene
NM_004119;c.1926C>T;SNP non pathogene
NM_004119;c.2525A>G;SNP non pathogene
NM_004119;c.680C>T;SNP non pathogene
NM_004119;c.20A>G;SNP non pathogene
NM_004119;c.288C>T;Erreur de ref probable
NM_004119;c.1669G>A;SNP non pathogene
NM_004119;c.1683A>G;SNP non pathogene
NM_004119;c.970G>A;SNP non pathogene
NM_004119;c.580G>A;SNP non pathogene
NM_004119;c.2958G>A;SNP non pathogene
NM_004364;c.23A>C;check mut
NM_004364;c.292A>C;check mut
NM_004364;c.29A>C;check mut
NM_004364;c.323A>C;check mut
NM_004364;c.396C>T;SNP non pathogene
NM_004364;c.402G>A;SNP non pathogene
NM_004364;c.564_566del;Artefact
NM_004364;c.573C>T;SNP non pathogene
NM_004364;c.584_589dup;SNP non pathogene
NM_004364;c.676A>C;Artefact
NM_004364;c.688A>C;Artefact
NM_004364;c.690G>T;SNP non pathogene
NM_004364;c.700A>C;Artefact
NM_004364;c.707A>C;Artefact
NM_004364;c.722T>G;check mut
NM_004364;c.767T>G;Artefact
NM_004364;c.737T>G;Artefact
NM_004364;c.747T>G;SNP non pathogene
NM_004364;c.751A>C;Artefact
NM_004364;c.767T>G;Artefact
NM_004364;c.785A>C;Artefact
NM_004456;c.1458C>T;SNP non pathogene
NM_004456;c.1459G>A;SNP non pathogene
NM_004456;c.1731G>A;SNP non pathogene
NM_004456;c.1884C>G;SNP non pathogene
NM_004456;c.396T>C;SNP non pathogene
NM_004456;c.474C>T;SNP non pathogene
NM_004456;c.553G>C;SNP non pathogene
NM_004456;c.553G>T;SNP non pathogene
NM_004456;c.972T>G;SNP non pathogene
NM_006060;c.1002C>A;SNP non pathogene
NM_006060;c.1176C>T;SNP non pathogene
NM_004972;c.1710C>T;SNP non pathogene
NM_004972;c.489C>T;SNP non pathogene
NM_004972;c.2490G>A;SNP non pathogene
NM_004972;c.1929T>C;SNP non pathogene
NM_005089;c.269A>T;SNP non pathogene
NM_005089;c.930G>A;SNP non pathogene
NM_005089;c.864C>T;SNP non pathogene
NM_005089;c.909C>T;SNP non pathogene
NM_005089;c.621G>A;SNP non pathogene
NM_005188;c.125_127del;Artefact
NM_005188;c.2592C>T;SNP non pathogene
NM_005373;c.117G>T;SNP pathogene
NM_005373;c.340G>A;SNP non pathogene
NM_005373;c.690A>G;SNP non pathogene
NM_005445;c.1365T>C;SNP non pathogene
NM_005445;c.2007T>C;SNP non pathogene
NM_005445;c.2329T>C;SNP non pathogene
NM_005445;c.2982C>G;SNP non pathogene
NM_005445;c.3039A>G;SNP non pathogene
NM_005445;c.2934G>A;SNP non pathogene
NM_005475;c.784T>C;SNP non pathogene
NM_005475;c.494C>G;SNP non pathogene
NM_005475;c.544T>C;SNP non pathogene
NM_005475;c.76T>G;Artefact
NM_005475;c.318A>C;SNP non pathogene
NM_005475;c.291A>C;SNP non pathogene
NM_005896;c.123-4C>T;SNP non pathogene
NM_005896;c.315C>T;SNP non pathogene
NM_005896;c.366T>C;SNP non pathogene
NM_005896;c.532G>A;SNP non pathogene
NM_006265;c.1131T>C;SNP non pathogene
NM_006265;c.1440T>C;SNP non pathogene
NM_006265;c.1242T>G;SNP non pathogene
NM_006265;c.450G>A;SNP non pathogene
NM_006265;c.1185G>A;SNP non pathogene
NM_006306;c.1698G>A;SNP non pathogene
NM_006306;c.915C>T;SNP non pathogene
NM_006912;c.334C>G;SNP non pathogene
NM_012433;c.2104C>A;SNP non pathogene
NM_014915;c.-59G>A;SNP non pathogene
NM_014915;c.-140C>G;SNP non pathogene
NM_015338;c.1874G>A;SNP non pathogene
NM_015338;c.1965C>T;SNP non pathogene
NM_015338;c.2250C>T;SNP non pathogene
NM_015338;c.2251G>A;SNP non pathogene
NM_015338;c.2348C>T;SNP non pathogene
NM_015338;c.2395G>T;SNP non pathogene
NM_015338;c.2419G>A;SNP non pathogene
NM_015338;c.2474A>C;SNP non pathogene
NM_015338;c.2513A>G;SNP non pathogene
NM_015338;c.2912A>G;SNP non pathogene
NM_015338;c.2957A>G;SNP non pathogene
NM_015338;c.2985C>T;SNP non pathogene
NM_015338;c.3117A>G;SNP non pathogene
NM_015338;c.3306G>T;SNP non pathogene
NM_015338;c.3379G>A;SNP non pathogene
NM_015338;c.3513G>A;SNP non pathogene
NM_015338;c.3540T>G;SNP non pathogene
NM_015338;c.3745A>G;SNP non pathogene
NM_015338;c.3759T>C;SNP non pathogene
NM_015338;c.3973C>T;SNP non pathogene
NM_015338;c.4072C>G;SNP non pathogene
NM_015338;c.4098C>T;SNP non pathogene
NM_015338;c.4189G>A;SNP non pathogene
NM_015338;c.4344A>G;SNP non pathogene
NM_015338;c.582C>T;SNP non pathogene
NM_015338;c.577T>G;Artefact
NM_015338;c.601A>C;Artefact
NM_016222;c.1015C>T;SNP non pathogene
NM_016222;c.1200C>T;SNP non pathogene
NM_016222;c.1299G>A;SNP non pathogene
NM_016222;c.3G>A;SNP non pathogene
NM_016222;c.741G>A;SNP non pathogene
NM_016222;c.1683C>T;SNP non pathogene
NM_017654;c.1347T>C;SNP non pathogene
NM_017654;c.1436C>T;SNP non pathogene
NM_017654;c.1645G>T;SNP non pathogene
NM_017654;c.223C>T;SNP non pathogene
NM_017654;c.2642A>G;SNP non pathogene
NM_017654;c.428T>C;SNP non pathogene
NM_017654;c.960T>C;SNP non pathogene
NM_017654;c.1360G>A;SNP non pathogene
NM_018263;c.1365G>A;SNP non pathogene
NM_018263;c.1489G>A;SNP non pathogene
NM_018263;c.3671A>T;SNP non pathogene
NM_018263;c.3224G>A;SNP non pathogene
NM_018263;c.3909C>T;SNP non pathogene
NM_018263;c.1823G>A;SNP non pathogene
NM_021140;c.2177C>A;SNP non pathogene
NM_021140;c.3111G>A;SNP non pathogene
NM_021946;c.625G>A;SNP non pathogene
NM_021946;c.783G>A;SNP non pathogene
NM_021946;c.1699C>T;SNP non pathogene
NM_021946;c.2912C>G;SNP non pathogene
NM_021946;c.3158A>G;SNP non pathogene
NM_021946;c.3189C>T;SNP non pathogene
NM_021946;c.3396C>G;SNP non pathogene
NM_021946;c.4434C>T;SNP non pathogene
NM_021946;c.2064C>T;SNP non pathogene
NM_021946;c.4011C>T;SNP non pathogene
NM_021946;c.1659T>C;SNP non pathogene
NM_022552;c.801C>T;SNP non pathogene
NM_022552;c.1266G>A;SNP non pathogene
NM_022552;c.27C>T;SNP non pathogene
NM_022552;c.1122+7G>A;SNP non pathogene
NM_022552;c.759C>T;SNP non pathogene
NM_022552;c.19A>C;Artefact
NM_032638;c.1017+191C>T;SNP non pathogene
NM_032638;c.1017+215C>T;SNP non pathogene
NM_032638;c.1017+814G>A;SNP non pathogene
NM_032638;c.1018-194C>T;SNP non pathogene
NM_032638;c.1018-19C>T;SNP non pathogene
NM_032638;c.1018-226T>G;SNP non pathogene
NM_032638;c.1018-589G>T;SNP non pathogene
NM_032638;c.1018-744G>A;SNP non pathogene
NM_032638;c.1018-745C>T;SNP non pathogene
NM_032638;c.1018-858C>G;SNP non pathogene
NM_032638;c.-11C>T;SNP non pathogene
NM_032638;c.1233G>A;SNP non pathogene
NM_032638;c.15C>G;SNP non pathogene
NM_032638;c.341A>C;Artefact
NM_032638;c.349A>C;Artefact
NM_032638;c.481C>G;SNP non pathogene
NM_032638;c.490G>A;SNP non pathogene
NM_032638;c.501C>T;SNP non pathogene
NM_032638;c.564G>C;SNP non pathogene
NM_032638;c.768T>G;Artefact
NM_033360;c.198A>G;SNP non pathogene
NM_033360;c.264A>G;SNP non pathogene
NM_033360;c.483G>A;SNP non pathogene
NM_156039;c.1254T>C;SNP non pathogene
NM_156039;c.1260T>C;SNP non pathogene
NM_156039;c.726C>T;SNP non pathogene
NM_156039;c.958G>A;SNP non pathogene
NM_156039;c.1528G>C;SNP non pathogene
NM_156039;c.2503G>A;SNP non pathogene
NM_156039;c.2497A>C;Artefact
NM_170606;c.1005T>A;SNP non pathogene
NM_170606;c.1013-2A>G;Artefact
NM_170606;c.1013C>T;Artefact
NM_170606;c.1017G>C;Artefact
NM_170606;c.1038G>A;SNP non pathogene
NM_170606;c.1042G>A;Artefact
NM_170606;c.1050G>A;Artefact
NM_170606;c.11139C>T;SNP non pathogene
NM_170606;c.1131A>T;SNP non pathogene
NM_170606;c.1173C>A;Artefact
NM_170606;c.1179C>T;SNP non pathogene
NM_170606;c.13461C>T;SNP non pathogene
NM_170606;c.13821G>A;SNP non pathogene
NM_170606;c.1577G>C;SNP non pathogene
NM_170606;c.2304A>G;SNP non pathogene
NM_170606;c.2315C>T;SNP non pathogene
NM_170606;c.2352C>A;SNP non pathogene
NM_170606;c.2379G>A;SNP non pathogene
NM_170606;c.2418C>G;SNP non pathogene
NM_170606;c.2447dup;SNP non pathogene
NM_170606;c.2459C>T;Artefact
NM_170606;c.2512G>A;SNP non pathogene
NM_170606;c.2534G>A;SNP non pathogene
NM_170606;c.2538T>C;SNP non pathogene
NM_170606;c.2556A>T;SNP non pathogene
NM_170606;c.2573G>T;Artefact
NM_170606;c.2578C>T;Artefact
NM_170606;c.2591A>G;Artefact
NM_170606;c.2645T>C;Artefact
NM_170606;c.2646C>A;Artefact
NM_170606;c.2653-15C>T;SNP non pathogene
NM_170606;c.2656C>T;Artefact
NM_170606;c.2657G>A;Artefact
NM_170606;c.2681G>A;Artefact
NM_170606;c.2706G>A;SNP non pathogene
NM_170606;c.2710C>T;Artefact
NM_170606;c.2722G>T;Artefact
NM_170606;c.2726G>A;Artefact
NM_170606;c.2748C>T;Artefact
NM_170606;c.2755G>C;Artefact
NM_170606;c.2763A>G;SNP non pathogene
NM_170606;c.2769+5G>T;Artefact
NM_170606;c.2917A>G;Artefact
NM_170606;c.2958A>G;SNP non pathogene
NM_170606;c.2961C>G;Artefact
NM_170606;c.2963G>T;SNP non pathogene
NM_170606;c.2968A>G;Artefact
NM_170606;c.3274C>T;Artefact
NM_170606;c.3323+1G>A;Artefact
NM_170606;c.3324-18del;Artefact
NM_170606;c.3340T>C;Artefact
NM_170606;c.3434-9del;Artefact
NM_170606;c.4508-13del;Artefact
NM_170606;c.5053G>T;Artefact
NM_170606;c.6339A>C;SNP non pathogene
NM_170606;c.7233A>G;SNP non pathogene
NM_170606;c.7234C>A;SNP non pathogene
NM_170606;c.8040G>A;SNP non pathogene
NM_170606;c.8390del;Artefact
NM_170606;c.8390dup;Artefact
NM_170606;c.851G>A;Artefact
NM_170606;c.8685G>A;SNP non pathogene
NM_170606;c.871C>T;SNP non pathogene
NM_170606;c.8880G>A;SNP non pathogene
NM_170606;c.925C>T;Artefact
NM_170606;c.943G>A;Artefact
NM_170606;c.946A>T;Artefact
NM_181552;c.*6C>T;SNP non pathogene
NM_181552;c.1104G>A;SNP non pathogene
NM_181552;c.1456C>A;SNP non pathogene
NM_181552;c.2274A>G;SNP non pathogene
NM_181552;c.3084C>T;SNP non pathogene
NM_181552;c.4317G>A;SNP non pathogene
NM_181552;c.4425C>A;SNP non pathogene
NM_181552;c.4342_4344del;Artefact
NM_181552;c.4391A>C;Artefact
NM_181552;c.2901G>A;SNP non pathogene
NM_181552;c.3990G>A;SNP non pathogene
NM_181552;c.4026G>A;SNP non pathogene
NM_181552;c.4138A>C;Artefact
NM_198253;c.3039C>T;SNP non pathogene
NM_198253;c.3184G>A;SNP non pathogene
NM_198253;c.3324G>A;SNP non pathogene
NM_198253;c.835G>A;SNP non pathogene
NM_198253;c.915G>A;SNP non pathogene
NM_198253;c.189G>A;SNP non pathogene
NM_198253;c.709A>C;SNP non pathogene
NM_198253;c.2031C>T;SNP non pathogene
NM_198253;c.101A>C;Artefact
NM_198253;c.106T>G;Artefact
NM_198253;c.352A>C;Artefact
NM_198253;c.92T>G;Artefact
