NM_170606	c.1184+55A>G	temoinCNV2-EFS218,temoinCNV5-EFS293,temoinCNV7-EFST109h
NM_032415	c.3019+35G>A	temoinCNV4-EFS362,temoinCNV6-EFS331,temoinCNV7-EFST109h
NM_002660	c.3645+16G>C	temoinCNV1-EFS396
NM_001080424	c.4044G>A	temoinCNV1-EFS396,temoinCNV3-EFS307,temoinCNV4-EFS362,temoinCNV5-EFS293,temoinCNV6-EFS331,temoinCNV7-EFST109h
NM_015048	c.1731C>G	temoinCNV1-EFS396,temoinCNV2-EFS218,temoinCNV3-EFS307,temoinCNV4-EFS362,temoinCNV5-EFS293
NM_001080424	c.1257+38_1257+39insG	temoinCNV6-EFS331
NM_175629	c.2597+30G>A	temoinCNV1-EFS396,temoinCNV4-EFS362,temoinCNV5-EFS293,temoinCNV6-EFS331
NM_015048	c.2306dup	temoinCNV1-EFS396
NM_001174096	c.3210_3212del	temoinCNV1-EFS396
NM_001080424	c.2025dup	temoinCNV5-EFS293,temoinCNV7-EFST109h
NM_001080424	c.1257+23delG	temoinCNV2-EFS218
NM_000546	c.782+66C>A	temoinCNV1-EFS396,temoinCNV2-EFS218,temoinCNV3-EFS307,temoinCNV4-EFS362,temoinCNV5-EFS293,temoinCNV6-EFS331,temoinCNV7-EFST109h
NM_170606	c.2917A>G	temoinCNV1-EFS396,temoinCNV2-EFS218,temoinCNV3-EFS307,temoinCNV4-EFS362,temoinCNV6-EFS331
NM_001080424	c.2280_2285del	temoinCNV1-EFS396,temoinCNV2-EFS218
NM_001174096	c.*120_*191delinsAGTAAAAACTAAAAAAATACAAAATACAAAACACACACACACACACACACACACACACACACACACACACAAC	temoinCNV5-EFS293
NM_170606	c.2961_2963delinsGTT	temoinCNV5-EFS293,temoinCNV6-EFS331
NM_032415	c.1245C>T	temoinCNV4-EFS362,temoinCNV7-EFST109h
NM_170606	c.3324-31_3324-30delTA	temoinCNV7-EFST109h
NM_170606	c.2573_2578delinsTGTCCT	temoinCNV2-EFS218,temoinCNV3-EFS307,temoinCNV6-EFS331
NM_015048	c.23_24del	temoinCNV5-EFS293
NM_006015	c.4004+35C>T	temoinCNV6-EFS331
NM_015048	c.23_29delinsCACCAC	temoinCNV5-EFS293
NM_006015	c.3977_3980del	temoinCNV5-EFS293,temoinCNV6-EFS331
NM_032415	c.1864_1866del	temoinCNV1-EFS396,temoinCNV2-EFS218,temoinCNV5-EFS293,temoinCNV6-EFS331,temoinCNV7-EFST109h
NM_170606	c.7443-11_7459delinsATTTTAAATGATTTCGAGTTCAGGATT	temoinCNV6-EFS331
NM_170606	c.2538T>C	temoinCNV1-EFS396,temoinCNV2-EFS218,temoinCNV3-EFS307,temoinCNV4-EFS362,temoinCNV5-EFS293,temoinCNV6-EFS331,temoinCNV7-EFST109h
NM_001080424	c.1258-17T>C	temoinCNV1-EFS396,temoinCNV2-EFS218,temoinCNV5-EFS293
NM_170606	c.2976+37_2976+58delinsTGAATTTTTTATTTAGGTTTTAGTAT	temoinCNV5-EFS293
NM_001080424	c.456+6A>G	temoinCNV5-EFS293
NM_006015	c.672_676delinsCGCCCGC	temoinCNV6-EFS331
NM_001080424	c.1444_1445delinsT	temoinCNV1-EFS396
NM_015048	c.4842G>A	temoinCNV2-EFS218,temoinCNV3-EFS307,temoinCNV4-EFS362,temoinCNV5-EFS293,temoinCNV6-EFS331
NM_170606	c.1012+13C>T	temoinCNV3-EFS307,temoinCNV4-EFS362,temoinCNV5-EFS293,temoinCNV6-EFS331
NM_001174096	c.*120_*129delinsAGTAAAAACT	temoinCNV3-EFS307,temoinCNV4-EFS362
NM_175629	c.1266G>A	temoinCNV3-EFS307,temoinCNV6-EFS331,temoinCNV7-EFST109h
NM_001080424	c.1010dup	temoinCNV1-EFS396,temoinCNV3-EFS307
NM_170606	c.3433+131_3433+133delinsTATGA	temoinCNV6-EFS331
NM_032415	c.2794C>T	temoinCNV2-EFS218
NM_001127208	c.3813C>T	temoinCNV4-EFS362,temoinCNV7-EFST109h
NM_000215	c.2978+100T>C	temoinCNV4-EFS362,temoinCNV6-EFS331
NM_170606	c.7443-11_7459delinsAATTTTAAATGATTTCGAGTTCAGGAT	temoinCNV5-EFS293
NM_170606	c.5009-19C>T	temoinCNV1-EFS396,temoinCNV2-EFS218,temoinCNV3-EFS307,temoinCNV4-EFS362,temoinCNV5-EFS293,temoinCNV6-EFS331,temoinCNV7-EFST109h
NM_015048	c.3160del	temoinCNV1-EFS396,temoinCNV6-EFS331
NM_170606	c.1365A>G	temoinCNV2-EFS218
NM_015048	c.4635C>A	temoinCNV1-EFS396,temoinCNV3-EFS307,temoinCNV5-EFS293,temoinCNV7-EFST109h
NM_006015	c.2420-18G>C	temoinCNV6-EFS331
NM_015048	c.2407G>A	temoinCNV5-EFS293
NM_170606	c.2352C>A	temoinCNV1-EFS396,temoinCNV2-EFS218,temoinCNV3-EFS307,temoinCNV4-EFS362,temoinCNV5-EFS293,temoinCNV6-EFS331,temoinCNV7-EFST109h
NM_170606	c.850-25G>T	temoinCNV1-EFS396,temoinCNV2-EFS218,temoinCNV3-EFS307,temoinCNV5-EFS293,temoinCNV6-EFS331,temoinCNV7-EFST109h
NM_170606	c.2468T>C	temoinCNV3-EFS307,temoinCNV6-EFS331
NM_170606	c.850-91A>G	temoinCNV1-EFS396,temoinCNV2-EFS218,temoinCNV3-EFS307,temoinCNV4-EFS362,temoinCNV5-EFS293,temoinCNV6-EFS331,temoinCNV7-EFST109h
NM_002660	c.2809-123C>T	temoinCNV1-EFS396,temoinCNV3-EFS307
NM_015048	c.5599-42_5599-41insG	temoinCNV3-EFS307
NM_001080424	c.2145C>T	temoinCNV5-EFS293
NM_001080424	c.828A>G	temoinCNV6-EFS331
NM_175629	c.2074_2075del	temoinCNV2-EFS218
NM_001174096	c.259+118A>G	temoinCNV4-EFS362
NM_001080424	c.663G>C	temoinCNV3-EFS307,temoinCNV7-EFST109h
NM_170606	c.2645_2646delinsCA	temoinCNV1-EFS396,temoinCNV2-EFS218,temoinCNV3-EFS307,temoinCNV4-EFS362,temoinCNV5-EFS293,temoinCNV6-EFS331,temoinCNV7-EFST109h
NM_002660	c.1800-62A>G	temoinCNV6-EFS331
NM_000215	c.1915-30C>T	temoinCNV1-EFS396
NM_000215	c.*123T>C	temoinCNV3-EFS307,temoinCNV4-EFS362,temoinCNV6-EFS331,temoinCNV7-EFST109h
NM_170606	c.5349_5351del	temoinCNV1-EFS396
NM_170606	c.967A>G	temoinCNV4-EFS362
NM_001127208	c.5167C>T	temoinCNV5-EFS293
NM_170606	c.2613C>T	temoinCNV2-EFS218,temoinCNV3-EFS307,temoinCNV4-EFS362,temoinCNV5-EFS293,temoinCNV6-EFS331,temoinCNV7-EFST109h
NM_170606	c.925C>T	temoinCNV1-EFS396,temoinCNV2-EFS218,temoinCNV3-EFS307,temoinCNV4-EFS362,temoinCNV5-EFS293,temoinCNV6-EFS331,temoinCNV7-EFST109h
NM_170606	c.3324-31_3324-30insTA	temoinCNV2-EFS218,temoinCNV6-EFS331
NM_001080424	c.3876G>C	temoinCNV1-EFS396
NM_001080424	c.4610+83_4610+85delinsAT	temoinCNV2-EFS218
NM_170606	c.4508-14_4508-6delinsAATTTA	temoinCNV3-EFS307,temoinCNV7-EFST109h
NM_170606	c.2591A>G	temoinCNV1-EFS396,temoinCNV2-EFS218,temoinCNV3-EFS307,temoinCNV4-EFS362,temoinCNV5-EFS293,temoinCNV6-EFS331,temoinCNV7-EFST109h
NM_175629	c.1122+7G>A	temoinCNV1-EFS396,temoinCNV3-EFS307,temoinCNV4-EFS362,temoinCNV5-EFS293,temoinCNV6-EFS331,temoinCNV7-EFST109h
NM_170606	c.891C>T	temoinCNV1-EFS396
NM_032415	c.2142+13C>T	temoinCNV1-EFS396,temoinCNV2-EFS218,temoinCNV3-EFS307,temoinCNV4-EFS362,temoinCNV5-EFS293,temoinCNV6-EFS331,temoinCNV7-EFST109h
NM_170606	c.2512G>A	temoinCNV1-EFS396,temoinCNV2-EFS218,temoinCNV3-EFS307,temoinCNV4-EFS362,temoinCNV5-EFS293,temoinCNV6-EFS331,temoinCNV7-EFST109h
NM_000215	c.*122_*129delinsGACATCATTG	temoinCNV6-EFS331
NM_006015	c.3999_4001del	temoinCNV2-EFS218,temoinCNV3-EFS307,temoinCNV4-EFS362,temoinCNV5-EFS293
NM_001080424	c.2172G>A	temoinCNV1-EFS396,temoinCNV2-EFS218
NM_001080424	c.237-30_237-24delinsCACCCACAC	temoinCNV2-EFS218
NM_000546	c.672+62A>G	temoinCNV1-EFS396,temoinCNV2-EFS218,temoinCNV3-EFS307,temoinCNV4-EFS362,temoinCNV5-EFS293,temoinCNV6-EFS331,temoinCNV7-EFST109h
NM_002660	c.1800-64G>A	temoinCNV3-EFS307,temoinCNV4-EFS362
NM_000215	c.1142+13C>A	temoinCNV7-EFST109h
NM_170606	c.11460+34_11460+39delinsTCTTTTTGT	temoinCNV2-EFS218,temoinCNV3-EFS307,temoinCNV6-EFS331,temoinCNV7-EFST109h
NM_000043	c.642T>C	temoinCNV1-EFS396,temoinCNV2-EFS218,temoinCNV3-EFS307,temoinCNV4-EFS362,temoinCNV5-EFS293,temoinCNV7-EFST109h
NM_170606	c.2976+54delT	temoinCNV5-EFS293
NM_170606	c.2976+63C>T	temoinCNV2-EFS218,temoinCNV3-EFS307,temoinCNV4-EFS362
NM_170606	c.2418C>G	temoinCNV1-EFS396,temoinCNV2-EFS218,temoinCNV3-EFS307,temoinCNV4-EFS362,temoinCNV5-EFS293,temoinCNV6-EFS331,temoinCNV7-EFST109h
NM_170606	c.3323+31_3323+32insAT	temoinCNV2-EFS218
NM_000043	c.580G>A	temoinCNV4-EFS362
NM_000215	c.2978+32T>C	temoinCNV4-EFS362,temoinCNV6-EFS331
NM_001127208	c.5284A>G	temoinCNV1-EFS396,temoinCNV3-EFS307,temoinCNV4-EFS362
NM_170606	c.850-63C>T	temoinCNV1-EFS396,temoinCNV2-EFS218,temoinCNV4-EFS362,temoinCNV5-EFS293,temoinCNV6-EFS331,temoinCNV7-EFST109h
NM_002660	c.2438T>C	temoinCNV1-EFS396,temoinCNV3-EFS307,temoinCNV4-EFS362,temoinCNV5-EFS293,temoinCNV6-EFS331
NM_032415	c.3276A>G	temoinCNV1-EFS396,temoinCNV2-EFS218,temoinCNV3-EFS307,temoinCNV4-EFS362,temoinCNV5-EFS293,temoinCNV6-EFS331,temoinCNV7-EFST109h
NM_015048	c.4477T>C	temoinCNV1-EFS396,temoinCNV2-EFS218,temoinCNV3-EFS307,temoinCNV4-EFS362,temoinCNV6-EFS331,temoinCNV7-EFST109h
NM_001080424	c.1782C>A	temoinCNV5-EFS293
NM_000546	c.376-117G>A	temoinCNV6-EFS331
NM_015048	c.1612_1614del	temoinCNV2-EFS218,temoinCNV3-EFS307,temoinCNV6-EFS331,temoinCNV7-EFST109h
NM_000215	c.3208-39G>A	temoinCNV3-EFS307,temoinCNV7-EFST109h
NM_170606	c.2578C>T	temoinCNV1-EFS396,temoinCNV4-EFS362,temoinCNV5-EFS293,temoinCNV7-EFST109h
NM_170606	c.3323+35_3323+36insT	temoinCNV2-EFS218
NM_001174096	c.688-15G>A	temoinCNV1-EFS396,temoinCNV2-EFS218,temoinCNV3-EFS307,temoinCNV4-EFS362,temoinCNV5-EFS293,temoinCNV6-EFS331,temoinCNV7-EFST109h
NM_001080424	c.1412C>T	temoinCNV1-EFS396
NM_170606	c.7443-13_7444delinsATTTTTTTTAAAAGA	temoinCNV7-EFST109h
NM_015048	c.438C>T	temoinCNV1-EFS396,temoinCNV2-EFS218,temoinCNV3-EFS307,temoinCNV4-EFS362,temoinCNV5-EFS293,temoinCNV6-EFS331
NM_000546	c.376-91G>A	temoinCNV1-EFS396,temoinCNV2-EFS218,temoinCNV3-EFS307,temoinCNV4-EFS362,temoinCNV5-EFS293,temoinCNV6-EFS331,temoinCNV7-EFST109h
NM_000215	c.*116_*123delinsGACCCCCAC	temoinCNV3-EFS307
NM_001080424	c.786_791del	temoinCNV1-EFS396
NM_015048	c.2176C>A	temoinCNV1-EFS396,temoinCNV3-EFS307,temoinCNV4-EFS362,temoinCNV5-EFS293
NM_170606	c.1184+10C>A	temoinCNV2-EFS218,temoinCNV7-EFST109h
NM_001127208	c.5333A>G	temoinCNV5-EFS293
NM_170606	c.2959T>C	temoinCNV2-EFS218,temoinCNV3-EFS307,temoinCNV7-EFST109h
NM_170606	c.1005T>A	temoinCNV3-EFS307,temoinCNV5-EFS293,temoinCNV7-EFST109h
NM_175629	c.1852-37C>A	temoinCNV1-EFS396,temoinCNV3-EFS307,temoinCNV4-EFS362,temoinCNV5-EFS293,temoinCNV6-EFS331,temoinCNV7-EFST109h
NM_002660	c.2484-73C>T	temoinCNV4-EFS362
NM_170606	c.10979C>T	temoinCNV4-EFS362
NM_015048	c.5208+176G>A	temoinCNV7-EFST109h
NM_170606	c.2976+31T>C	temoinCNV2-EFS218,temoinCNV4-EFS362,temoinCNV5-EFS293
NM_001080424	c.4610+83_4610+84delinsAT	temoinCNV5-EFS293,temoinCNV6-EFS331
NM_001080424	c.1018del	temoinCNV1-EFS396,temoinCNV3-EFS307
NM_015048	c.1346G>A	temoinCNV1-EFS396,temoinCNV2-EFS218,temoinCNV3-EFS307,temoinCNV4-EFS362,temoinCNV5-EFS293,temoinCNV6-EFS331,temoinCNV7-EFST109h
NM_170606	c.1300-24_1300-18delinsTGTTTTTTAT	temoinCNV7-EFST109h
NM_170606	c.5068A>C	temoinCNV1-EFS396,temoinCNV4-EFS362
NM_001080424	c.1444C>T	temoinCNV1-EFS396
NM_015048	c.33_35del	temoinCNV5-EFS293
NM_170606	c.7443-15_7444delinsATTTTTTTTTAAAAGA	temoinCNV1-EFS396,temoinCNV3-EFS307
NM_015048	c.*73_*74del	temoinCNV2-EFS218
NM_001127208	c.3406delinsCGAGA	temoinCNV5-EFS293
NM_170606	c.14175-26delT	temoinCNV4-EFS362,temoinCNV5-EFS293
NM_170606	c.2968A>G	temoinCNV1-EFS396
NM_001080424	c.1257+30_1257+36delinsGATGGGT	temoinCNV6-EFS331
NM_170606	c.8445dup	temoinCNV3-EFS307
NM_170606	c.12140-15delT	temoinCNV1-EFS396,temoinCNV3-EFS307
NM_015048	c.23A>C	temoinCNV5-EFS293
NM_170606	c.4274-58A>G	temoinCNV1-EFS396,temoinCNV3-EFS307,temoinCNV4-EFS362,temoinCNV5-EFS293,temoinCNV7-EFST109h
NM_000215	c.2978+58_2978+59insC	temoinCNV7-EFST109h
NM_015048	c.5599-58_5599-57insTG	temoinCNV3-EFS307
NM_032415	c.2622A>G	temoinCNV1-EFS396,temoinCNV2-EFS218,temoinCNV6-EFS331
NM_001080424	c.735_755delinsCACTGCTCCACCCACCATT	temoinCNV7-EFST109h
NM_001127208	c.3409+81delT	temoinCNV5-EFS293
NM_032415	c.2947G>T	temoinCNV1-EFS396,temoinCNV2-EFS218,temoinCNV4-EFS362,temoinCNV7-EFST109h
NM_001174096	c.58+2376T>G	temoinCNV1-EFS396,temoinCNV2-EFS218,temoinCNV4-EFS362,temoinCNV7-EFST109h
NM_170606	c.5082+19_5082+20delCT	temoinCNV4-EFS362,temoinCNV5-EFS293
NM_006015	c.671dup	temoinCNV1-EFS396
NM_006015	c.1351-22A>C	temoinCNV6-EFS331
NM_015048	c.4548C>T	temoinCNV1-EFS396
NM_002660	c.598-33G>A	temoinCNV4-EFS362
NM_000215	c.862-38A>C	temoinCNV7-EFST109h
NM_170606	c.4508-5delT	temoinCNV3-EFS307,temoinCNV7-EFST109h
NM_139276	c.1654-94A>G	temoinCNV1-EFS396,temoinCNV2-EFS218,temoinCNV3-EFS307,temoinCNV4-EFS362,temoinCNV5-EFS293,temoinCNV6-EFS331,temoinCNV7-EFST109h
NM_002660	c.1800-61A>G	temoinCNV4-EFS362,temoinCNV5-EFS293
NM_001080424	c.3674-43_3674-38delCCTCTG	temoinCNV5-EFS293
NM_001174096	c.*120_*189delinsAGTAAAAACTAAAAAAATACAAAAATACAAAACACACACACACACACACACACACACACACACACACACAAC	temoinCNV7-EFST109h
NM_170606	c.5082+19_5082+24delinsATC	temoinCNV1-EFS396,temoinCNV2-EFS218,temoinCNV3-EFS307,temoinCNV6-EFS331,temoinCNV7-EFST109h
NM_001080424	c.763_764insTAC	temoinCNV2-EFS218
NM_000215	c.2800T>C	temoinCNV7-EFST109h
NM_001127208	c.2599T>C	temoinCNV5-EFS293
NM_001080424	c.1382T>A	temoinCNV4-EFS362,temoinCNV7-EFST109h
NM_001080424	c.711+25G>A	temoinCNV2-EFS218
NM_001127208	c.868dup	temoinCNV1-EFS396
NM_015048	c.3781+104C>T	temoinCNV3-EFS307
NM_170606	c.7443-13_7458delinsATTTTTTTTTAAAAGATTGGATTTCCAGGAT	temoinCNV6-EFS331
NM_015048	c.4613C>T	temoinCNV4-EFS362
NM_001080424	c.807T>C	temoinCNV1-EFS396,temoinCNV2-EFS218,temoinCNV5-EFS293
NM_015048	c.3180_3182del	temoinCNV1-EFS396,temoinCNV2-EFS218,temoinCNV3-EFS307,temoinCNV6-EFS331
NM_170606	c.7443-14_7458delinsATTTTTTTTTAAAAGATTGGATTTCCAGGAT	temoinCNV5-EFS293
NM_006015	c.3977del	temoinCNV6-EFS331
NM_001080424	c.789_791dup	temoinCNV7-EFST109h
NM_001127208	c.-46-63_-46-56delATAGATAG	temoinCNV1-EFS396,temoinCNV2-EFS218,temoinCNV3-EFS307,temoinCNV4-EFS362,temoinCNV5-EFS293,temoinCNV7-EFST109h
NM_170606	c.12277-89A>G	temoinCNV5-EFS293
NM_170606	c.2532+6G>T	temoinCNV3-EFS307,temoinCNV4-EFS362,temoinCNV5-EFS293
NM_170606	c.1012+15G>C	temoinCNV1-EFS396,temoinCNV2-EFS218,temoinCNV3-EFS307,temoinCNV4-EFS362,temoinCNV5-EFS293,temoinCNV6-EFS331,temoinCNV7-EFST109h
NM_001174096	c.*120_*190delinsAGTAAAAACTAAAAAAATACAAAAATACAAAACACACACACACACACACACACACACACACACACAAC	temoinCNV6-EFS331
NM_002660	c.512+62A>G	temoinCNV1-EFS396,temoinCNV3-EFS307,temoinCNV4-EFS362,temoinCNV5-EFS293
NM_015048	c.23del	temoinCNV5-EFS293
NM_170606	c.7443-11_7459delinsAATTTAAATGGATTTCGAGTTCAGGAT	temoinCNV1-EFS396,temoinCNV7-EFST109h
NM_170606	c.1184+46G>C	temoinCNV2-EFS218,temoinCNV5-EFS293,temoinCNV7-EFST109h
NM_015048	c.2875C>T	temoinCNV7-EFST109h
NM_001080424	c.1018_1019delinsGC	temoinCNV6-EFS331
NM_170606	c.3384C>T	temoinCNV2-EFS218
NM_175629	c.2173+26C>T	temoinCNV1-EFS396,temoinCNV3-EFS307,temoinCNV5-EFS293,temoinCNV6-EFS331,temoinCNV7-EFST109h
NM_170606	c.2447dup	temoinCNV1-EFS396,temoinCNV2-EFS218,temoinCNV3-EFS307,temoinCNV4-EFS362,temoinCNV5-EFS293,temoinCNV6-EFS331,temoinCNV7-EFST109h
NM_015048	c.3781+89G>A	temoinCNV7-EFST109h
NM_002660	c.1851G>A	temoinCNV5-EFS293
NM_170606	c.2573G>T	temoinCNV1-EFS396,temoinCNV4-EFS362,temoinCNV5-EFS293,temoinCNV7-EFST109h
NM_170606	c.850-7C>T	temoinCNV1-EFS396,temoinCNV4-EFS362,temoinCNV5-EFS293
NM_170606	c.2872-15T>C	temoinCNV3-EFS307,temoinCNV4-EFS362,temoinCNV5-EFS293,temoinCNV6-EFS331,temoinCNV7-EFST109h
NM_170606	c.2379G>A	temoinCNV1-EFS396,temoinCNV2-EFS218,temoinCNV3-EFS307,temoinCNV4-EFS362,temoinCNV5-EFS293,temoinCNV6-EFS331,temoinCNV7-EFST109h
NM_170606	c.850-71C>T	temoinCNV2-EFS218
NM_032415	c.1940+81G>A	temoinCNV5-EFS293
NM_170606	c.5082+78_5082+79insA	temoinCNV6-EFS331
NM_000546	c.215C>G	temoinCNV1-EFS396,temoinCNV2-EFS218,temoinCNV3-EFS307,temoinCNV4-EFS362,temoinCNV5-EFS293,temoinCNV6-EFS331,temoinCNV7-EFST109h
NM_170606	c.946A>T	temoinCNV1-EFS396,temoinCNV2-EFS218,temoinCNV3-EFS307,temoinCNV4-EFS362,temoinCNV5-EFS293,temoinCNV6-EFS331,temoinCNV7-EFST109h
NM_015048	c.5041+16delG	temoinCNV7-EFST109h
NM_001174096	c.*119_*147delinsGTAAAAACTAAAAAAATACAAAATAACAAAC	temoinCNV3-EFS307,temoinCNV5-EFS293,temoinCNV6-EFS331,temoinCNV7-EFST109h
NM_170606	c.3486dup	temoinCNV7-EFST109h
NM_015048	c.175-92C>A	temoinCNV2-EFS218
NM_001080424	c.2283_2285del	temoinCNV4-EFS362,temoinCNV5-EFS293,temoinCNV6-EFS331,temoinCNV7-EFST109h
NM_170606	c.6296_6298delinsCTTAC	temoinCNV6-EFS331
NM_170606	c.2958_2963delinsGTACTT	temoinCNV1-EFS396,temoinCNV2-EFS218,temoinCNV3-EFS307,temoinCNV4-EFS362,temoinCNV5-EFS293,temoinCNV6-EFS331,temoinCNV7-EFST109h
NM_001127208	c.3803+45G>A	temoinCNV2-EFS218,temoinCNV6-EFS331
NM_170606	c.5082+27delT	temoinCNV1-EFS396,temoinCNV2-EFS218,temoinCNV3-EFS307,temoinCNV6-EFS331,temoinCNV7-EFST109h
NM_175629	c.1667+2T>G	temoinCNV1-EFS396,temoinCNV2-EFS218,temoinCNV3-EFS307,temoinCNV4-EFS362,temoinCNV5-EFS293,temoinCNV7-EFST109h
NM_015048	c.2716-167G>A	temoinCNV3-EFS307
NM_170606	c.2652+62A>G	temoinCNV1-EFS396,temoinCNV2-EFS218,temoinCNV3-EFS307,temoinCNV4-EFS362,temoinCNV5-EFS293,temoinCNV6-EFS331,temoinCNV7-EFST109h
NM_175629	c.1595G>C	temoinCNV4-EFS362
NM_004104	c.5767+74C>T	temoinCNV1-EFS396
NM_170606	c.7443-12_7459delinsATTTTTAAATGATTTCGAGTTCAGGAT	temoinCNV3-EFS307
NM_006015	c.60_62del	temoinCNV2-EFS218,temoinCNV4-EFS362,temoinCNV5-EFS293,temoinCNV6-EFS331,temoinCNV7-EFST109h
NM_001080424	c.4610+79delT	temoinCNV5-EFS293,temoinCNV6-EFS331
NM_032415	c.685-38A>T	temoinCNV1-EFS396,temoinCNV2-EFS218,temoinCNV3-EFS307,temoinCNV4-EFS362,temoinCNV5-EFS293,temoinCNV6-EFS331,temoinCNV7-EFST109h
NM_170606	c.250+51T>G	temoinCNV2-EFS218,temoinCNV3-EFS307,temoinCNV6-EFS331,temoinCNV7-EFST109h
NM_006015	c.6204G>A	temoinCNV2-EFS218
NM_000215	c.2978+59_2978+65delinsCGCCATG	temoinCNV7-EFST109h
NM_002660	c.835A>G	temoinCNV4-EFS362,temoinCNV5-EFS293
NM_170606	c.1422T>C	temoinCNV7-EFST109h
NM_175629	c.73-84A>G	temoinCNV4-EFS362,temoinCNV6-EFS331
NM_000546	c.376-125T>C	temoinCNV6-EFS331
NM_005508	c.1014C>T	temoinCNV3-EFS307,temoinCNV6-EFS331
NM_015048	c.*69_*98delinsGGGCCCGGCCCCCGCGCCCGCCCCA	temoinCNV2-EFS218
NM_032415	c.1571-52_1571-49delinsG	temoinCNV2-EFS218
NM_000215	c.1143-28C>T	temoinCNV2-EFS218,temoinCNV5-EFS293,temoinCNV7-EFST109h
NM_170606	c.2556A>T	temoinCNV1-EFS396,temoinCNV2-EFS218,temoinCNV3-EFS307,temoinCNV4-EFS362,temoinCNV5-EFS293,temoinCNV6-EFS331,temoinCNV7-EFST109h
NM_001127208	c.4045-35C>A	temoinCNV5-EFS293
NM_000215	c.1786+22_1786+30delACCCCACCC	temoinCNV1-EFS396
NM_001174096	c.*119_*162delinsGTAAAAACTAAAAAAATACAAATAACAAACA	temoinCNV4-EFS362
NM_001127208	c.4920dup	temoinCNV2-EFS218,temoinCNV4-EFS362
NM_000215	c.3096+18A>G	temoinCNV1-EFS396,temoinCNV4-EFS362,temoinCNV6-EFS331
NM_001080424	c.4610+83_4610+85delinsA	temoinCNV2-EFS218
NM_000043	c.506-71C>G	temoinCNV1-EFS396,temoinCNV2-EFS218,temoinCNV4-EFS362,temoinCNV5-EFS293
NM_170606	c.871C>T	temoinCNV1-EFS396,temoinCNV2-EFS218,temoinCNV3-EFS307,temoinCNV4-EFS362,temoinCNV5-EFS293,temoinCNV6-EFS331,temoinCNV7-EFST109h
NM_001080424	c.4468+78G>A	temoinCNV2-EFS218
NM_001080424	c.2917A>C	temoinCNV6-EFS331
NM_170606	c.878C>T	temoinCNV4-EFS362
